management_organization,management_email ,management_phone 
US Water Alliance,info@uswateralliance.org,(415) 921-9010
EPA NVFEL,admin@epa.gov,(734) 214-4200
EPA NEICL,admin@epa.gov,(303) 462-9000
EPA NCRFO,admin@epa.gov,(702) 784-8200
EPA NAREL,admin@epa.gov,(334) 270-3400
EPA General,admin@epa.gov,(410) 305-2800
Pacific Institute,info@pacinst.org,(510) 251-1600
American Water Resources,info@awra.org,(540) 687-8390
Massachusetts Aquatic Center,bhartman@massaq.gov,(532) 444-2138
California Water Registry,jeff@cwwr.gov,(892) 414-0901
